{
  "hidden_dim": 32,
  "heads": 8,
  "dropout": 0.3,
  "lr": 0.0001,
  "weight_decay": 0.0001,
  "cv_acc_mean": 0.6265090311986864,
  "cv_acc_std": 0.04047155267414222,
  "cv_auc_mean": 0.6775735652563146,
  "cv_auc_std": 0.06151119451099917
}