{
  "hidden_dim": 128,
  "dropout": 0.4,
  "lr": 0.0001,
  "weight_decay": 0.0001,
  "cv_acc_mean": 0.6414384236453202,
  "cv_acc_std": 0.05659535152360596,
  "cv_auc_mean": 0.6962536465272751,
  "cv_auc_std": 0.05807238525302468
}