{
  "hidden_dim": 32,
  "heads": 8,
  "dropout": 0.3,
  "lr": 0.0001,
  "weight_decay": 0.0001,
  "cv_acc_mean": 0.6104761904761904,
  "cv_acc_std": 0.04134554881977963,
  "cv_auc_mean": 0.6669546260451746,
  "cv_auc_std": 0.045977726893931335
}