{
  "hidden_dim": 128,
  "dropout": 0.2,
  "lr": 0.0001,
  "weight_decay": 0.0001,
  "cv_acc_mean": 0.6265418719211823,
  "cv_acc_std": 0.02236636350218716,
  "cv_auc_mean": 0.6816115325031386,
  "cv_auc_std": 0.03277986985953198
}